{
  "paper": "Cox et al. 1997",
  "image_source": "dataset\\Bavariancouple.png",
  "preprocessing": {
    "grayscale": true,
    "resize": [
      256,
      256
    ],
    "preprocessed_image_path": "dataset\\Bavariancouple_256_gray_papertuned.png"
  },
  "fixed_params": {
    "watermark_length": 1000,
    "alpha": 0.1,
    "seed": 42
  },
  "tuned_attack_params": {
    "exp2_scaled_restored": {
      "ratio": 0.5,
      "method": "nearest"
    },
    "exp3_jpeg_q10": {
      "quality": 13
    },
    "exp3_jpeg_q5": {
      "quality": 6
    },
    "exp4_dithered": {
      "blur_radius": 0.0,
      "threshold_bias": -70,
      "mean_removed_score": 6.007749395428571
    },
    "exp5_cropped_restored": {
      "keep_ratio": 0.6000000000000001
    },
    "exp5_cropped_jpeg_restored": {
      "keep_ratio": 0.55
    },
    "exp6_proxy": {
      "blur_radius": 1.75,
      "scale": 0.6000000000000001,
      "noise_sigma": 2.0,
      "processed_score": 6.877298389489374
    }
  },
  "metrics_tuned": {
    "clean": 31.118559129714754,
    "exp2_scaled_restored": 13.408779413401362,
    "exp3_jpeg_q10": 23.21307360713742,
    "exp3_jpeg_q5": 13.447599334580794,
    "exp4_dithered_raw": 5.773883169959745,
    "exp4_dithered_mean_removed": 6.007749395428571,
    "exp5_cropped_restored": 14.66453677342659,
    "exp5_cropped_jpeg_restored": 10.688362632235469,
    "exp6_proxy_raw": 6.525515336959522,
    "exp6_proxy_mean_removed_sign": 6.877298389489374
  },
  "paper_comparison_tuned": {
    "clean": {
      "paper": 32.0,
      "reproduction_tuned": 31.118559129714754,
      "delta": -0.8814408702852461,
      "abs_delta": 0.8814408702852461
    },
    "exp2_scaled_restored": {
      "paper": 13.4,
      "reproduction_tuned": 13.408779413401362,
      "delta": 0.00877941340136168,
      "abs_delta": 0.00877941340136168
    },
    "exp3_jpeg_q10": {
      "paper": 22.8,
      "reproduction_tuned": 23.21307360713742,
      "delta": 0.41307360713742014,
      "abs_delta": 0.41307360713742014
    },
    "exp3_jpeg_q5": {
      "paper": 13.9,
      "reproduction_tuned": 13.447599334580794,
      "delta": -0.45240066541920676,
      "abs_delta": 0.45240066541920676
    },
    "exp4_dithered_raw": {
      "paper": 5.2,
      "reproduction_tuned": 5.773883169959745,
      "delta": 0.5738831699597444,
      "abs_delta": 0.5738831699597444
    },
    "exp4_dithered_mean_removed": {
      "paper": 10.5,
      "reproduction_tuned": 6.007749395428571,
      "delta": -4.492250604571429,
      "abs_delta": 4.492250604571429
    },
    "exp5_cropped_restored": {
      "paper": 14.6,
      "reproduction_tuned": 14.66453677342659,
      "delta": 0.0645367734265907,
      "abs_delta": 0.0645367734265907
    },
    "exp5_cropped_jpeg_restored": {
      "paper": 10.6,
      "reproduction_tuned": 10.688362632235469,
      "delta": 0.08836263223546936,
      "abs_delta": 0.08836263223546936
    },
    "exp6_proxy_raw": {
      "paper": 4.0,
      "reproduction_tuned": 6.525515336959522,
      "delta": 2.525515336959522,
      "abs_delta": 2.525515336959522
    },
    "exp6_proxy_mean_removed_sign": {
      "paper": 7.0,
      "reproduction_tuned": 6.877298389489374,
      "delta": -0.12270161051062622,
      "abs_delta": 0.12270161051062622
    }
  },
  "note": "Attack parameters were tuned to match paper detector responses as closely as possible on this local image/pipeline."
}