{
  "paper": "Cox, Kilian, Leighton, Shamoon (1997) Secure Spread Spectrum Watermarking for Multimedia",
  "image_source": "dataset\\Bavariancouple.png",
  "parameters": {
    "watermark_length": 1000,
    "alpha": 0.1,
    "seed": 42,
    "num_random_tests": 1000
  },
  "metrics": {
    "clean": 31.10188795220935,
    "exp1_true_score": 31.10188795220935,
    "exp1_max_false_score": 3.2655170337628583,
    "exp2_scaled_restored": 21.4222597275074,
    "exp3_jpeg_q10": 17.185340514140783,
    "exp3_jpeg_q5": 8.823300643379609,
    "exp4_dithered_raw": 18.18710960864347,
    "exp4_dithered_mean_removed": 19.038085005990837,
    "exp5_cropped_restored": 11.5485893124052,
    "exp5_cropped_jpeg_restored": 6.2290887328809745,
    "exp6_proxy_raw": 11.440921740753907,
    "exp6_proxy_mean_removed_sign": 12.445122289686038,
    "exp7_top5_mean_score": 4.701338126091183,
    "exp8_top5_mean_score": 13.870890871435861
  },
  "quality_metrics": {
    "watermarked_vs_original": {
      "mse": 32.00303617571059,
      "mae": 4.5648363479758824,
      "psnr_db": 33.07889178429045,
      "ssim": 0.9807848043364075
    },
    "exp2_scaled_restored_vs_original": {
      "mse": 103.57754091300603,
      "mae": 7.540374677002584,
      "psnr_db": 27.978147648694634,
      "ssim": 0.8886043674744597
    },
    "exp3_jpeg_q10_vs_original": {
      "mse": 150.41423341946597,
      "mae": 9.269961240310078,
      "psnr_db": 26.357914261877404,
      "ssim": 0.8021119410060554
    },
    "exp3_jpeg_q5_vs_original": {
      "mse": 267.9931309216193,
      "mae": 12.487790697674418,
      "psnr_db": 23.849566983356446,
      "ssim": 0.7027762867604143
    },
    "exp4_dithered_vs_original": {
      "mse": 11342.875947459086,
      "mae": 89.8125968992248,
      "psnr_db": 7.5835717846644854,
      "ssim": 0.10317197084500514
    },
    "exp5_cropped_restored_vs_original": {
      "mse": 8.252605512489234,
      "mae": 1.157773471145564,
      "psnr_db": 38.9648927522104,
      "ssim": 0.9958370681706534
    },
    "exp5_cropped_jpeg_restored_vs_original": {
      "mse": 43.64726528854436,
      "mae": 2.5228466838931953,
      "psnr_db": 31.731233226155688,
      "ssim": 0.9489842222779171
    },
    "exp6_proxy_vs_original": {
      "mse": 172.76106885351115,
      "mae": 9.74543460803136,
      "psnr_db": 25.756344785524988,
      "ssim": 0.7744501096747796
    },
    "exp7_five_successive_vs_original": {
      "mse": 209.24248492678726,
      "mae": 11.315223944875108,
      "psnr_db": 24.92430491877339,
      "ssim": 0.9021435180435492
    },
    "exp8_collusion_average_vs_original": {
      "mse": 5.545304048234282,
      "mae": 1.8970025839793283,
      "psnr_db": 40.691549974250634,
      "ssim": 0.9963891887272844
    }
  },
  "paper_comparison": {
    "detector_scores": {
      "clean": {
        "paper": 32.0,
        "reproduction": 31.10188795220935,
        "absolute_delta": 0.8981120477906508,
        "ratio_reproduction_to_paper": 0.9719339985065422
      },
      "exp2_scaled_restored": {
        "paper": 13.4,
        "reproduction": 21.4222597275074,
        "absolute_delta": 8.022259727507398,
        "ratio_reproduction_to_paper": 1.5986760990677162
      },
      "exp3_jpeg_q10": {
        "paper": 22.8,
        "reproduction": 17.185340514140783,
        "absolute_delta": 5.614659485859217,
        "ratio_reproduction_to_paper": 0.7537430050061746
      },
      "exp3_jpeg_q5": {
        "paper": 13.9,
        "reproduction": 8.823300643379609,
        "absolute_delta": 5.0766993566203915,
        "ratio_reproduction_to_paper": 0.6347698304589646
      },
      "exp4_dithered_raw": {
        "paper": 5.2,
        "reproduction": 18.18710960864347,
        "absolute_delta": 12.987109608643472,
        "ratio_reproduction_to_paper": 3.4975210785852826
      },
      "exp4_dithered_mean_removed": {
        "paper": 10.5,
        "reproduction": 19.038085005990837,
        "absolute_delta": 8.538085005990837,
        "ratio_reproduction_to_paper": 1.8131509529515082
      },
      "exp5_cropped_restored": {
        "paper": 14.6,
        "reproduction": 11.5485893124052,
        "absolute_delta": 3.0514106875947995,
        "ratio_reproduction_to_paper": 0.7909992679729589
      },
      "exp5_cropped_jpeg_restored": {
        "paper": 10.6,
        "reproduction": 6.2290887328809745,
        "absolute_delta": 4.370911267119025,
        "ratio_reproduction_to_paper": 0.5876498804604693
      },
      "exp6_proxy_raw": {
        "paper": 4.0,
        "reproduction": 11.440921740753907,
        "absolute_delta": 7.440921740753907,
        "ratio_reproduction_to_paper": 2.860230435188477
      },
      "exp6_proxy_mean_removed_sign": {
        "paper": 7.0,
        "reproduction": 12.445122289686038,
        "absolute_delta": 5.445122289686038,
        "ratio_reproduction_to_paper": 1.777874612812291
      }
    },
    "note": "Direct numeric matching is not expected unless image, attack operators, registration, and acquisition pipeline match the paper."
  },
  "notes": [
    "Implements insertion formula x_i* = x_i * (1 + alpha * w_i) in top-magnitude DCT coefficients (excluding DC).",
    "Similarity follows sim(w, w_hat) = (w \u00b7 w_hat) / ||w_hat||.",
    "Experiment 6 is an analog-chain proxy, not literal print-xerox-scan hardware reproduction.",
    "Best fidelity to the original paper requires using the same host image and registration assumptions."
  ]
}