{
  "paper": "Cox, Kilian, Leighton, Shamoon (1997) Secure Spread Spectrum Watermarking for Multimedia",
  "image_source": "D:\\dataset\\waves_10\\0.png",
  "parameters": {
    "watermark_length": 1000,
    "alpha": 0.1,
    "seed": 42,
    "num_random_tests": 1000
  },
  "metrics": {
    "clean": 31.2244897499777,
    "exp1_true_score": 31.2244897499777,
    "exp1_max_false_score": 3.3306895896969837,
    "exp2_scaled_restored": 20.627785158374987,
    "exp3_jpeg_q10": 23.593883389464338,
    "exp3_jpeg_q5": 15.46345384096162,
    "exp4_dithered_raw": 22.326520379166613,
    "exp4_dithered_mean_removed": 22.618848760582303,
    "exp5_cropped_restored": 14.356734023969734,
    "exp5_cropped_jpeg_restored": 10.77993170240877,
    "exp6_proxy_raw": 15.295302453774505,
    "exp6_proxy_mean_removed_sign": 17.409658028395757,
    "exp7_top5_mean_score": 5.198190497765933,
    "exp8_top5_mean_score": 13.804593912094683
  },
  "quality_metrics": {
    "watermarked_vs_original": {
      "mse": 19.757536,
      "mae": 3.5287466666666667,
      "psnr_db": 35.17347578932487,
      "ssim": 0.9912049980404868
    },
    "exp2_scaled_restored_vs_original": {
      "mse": 165.18797866666668,
      "mae": 8.345418666666667,
      "psnr_db": 25.951019219313405,
      "ssim": 0.810395464595883
    },
    "exp3_jpeg_q10_vs_original": {
      "mse": 164.153904,
      "mae": 9.191898666666667,
      "psnr_db": 25.978291450453433,
      "ssim": 0.7474506859588808
    },
    "exp3_jpeg_q5_vs_original": {
      "mse": 263.9995573333333,
      "mae": 11.797125333333334,
      "psnr_db": 23.914771622096392,
      "ssim": 0.6461308943113142
    },
    "exp4_dithered_vs_original": {
      "mse": 12385.966048,
      "mae": 98.17223466666667,
      "psnr_db": 7.201504756663795,
      "ssim": 0.08802903995529397
    },
    "exp5_cropped_restored_vs_original": {
      "mse": 4.774282666666666,
      "mae": 0.885664,
      "psnr_db": 41.341722325525595,
      "ssim": 0.997589114333082
    },
    "exp5_cropped_jpeg_restored_vs_original": {
      "mse": 44.3484,
      "mae": 2.4313013333333333,
      "psnr_db": 31.66202404878421,
      "ssim": 0.9403829879362827
    },
    "exp6_proxy_vs_original": {
      "mse": 221.22036690222492,
      "mae": 10.085199566021927,
      "psnr_db": 24.68255252583965,
      "ssim": 0.681899377197318
    },
    "exp7_five_successive_vs_original": {
      "mse": 225.26682133333333,
      "mae": 12.501104,
      "psnr_db": 24.603831299649563,
      "ssim": 0.9208839639152815
    },
    "exp8_collusion_average_vs_original": {
      "mse": 3.5207404799999997,
      "mae": 1.4928031999999998,
      "psnr_db": 42.66446347231352,
      "ssim": 0.9982591779269846
    }
  },
  "paper_comparison": {
    "detector_scores": {
      "clean": {
        "paper": 32.0,
        "reproduction": 31.2244897499777,
        "absolute_delta": 0.7755102500223003,
        "ratio_reproduction_to_paper": 0.9757653046868031
      },
      "exp2_scaled_restored": {
        "paper": 13.4,
        "reproduction": 20.627785158374987,
        "absolute_delta": 7.227785158374987,
        "ratio_reproduction_to_paper": 1.5393869521175363
      },
      "exp3_jpeg_q10": {
        "paper": 22.8,
        "reproduction": 23.593883389464338,
        "absolute_delta": 0.7938833894643373,
        "ratio_reproduction_to_paper": 1.0348194469063305
      },
      "exp3_jpeg_q5": {
        "paper": 13.9,
        "reproduction": 15.46345384096162,
        "absolute_delta": 1.5634538409616194,
        "ratio_reproduction_to_paper": 1.1124786935943611
      },
      "exp4_dithered_raw": {
        "paper": 5.2,
        "reproduction": 22.326520379166613,
        "absolute_delta": 17.126520379166614,
        "ratio_reproduction_to_paper": 4.293561611378195
      },
      "exp4_dithered_mean_removed": {
        "paper": 10.5,
        "reproduction": 22.618848760582303,
        "absolute_delta": 12.118848760582303,
        "ratio_reproduction_to_paper": 2.15417607243641
      },
      "exp5_cropped_restored": {
        "paper": 14.6,
        "reproduction": 14.356734023969734,
        "absolute_delta": 0.24326597603026556,
        "ratio_reproduction_to_paper": 0.9833379468472421
      },
      "exp5_cropped_jpeg_restored": {
        "paper": 10.6,
        "reproduction": 10.77993170240877,
        "absolute_delta": 0.179931702408771,
        "ratio_reproduction_to_paper": 1.016974688906488
      },
      "exp6_proxy_raw": {
        "paper": 4.0,
        "reproduction": 15.295302453774505,
        "absolute_delta": 11.295302453774505,
        "ratio_reproduction_to_paper": 3.8238256134436264
      },
      "exp6_proxy_mean_removed_sign": {
        "paper": 7.0,
        "reproduction": 17.409658028395757,
        "absolute_delta": 10.409658028395757,
        "ratio_reproduction_to_paper": 2.487094004056537
      }
    },
    "note": "Direct numeric matching is not expected unless image, attack operators, registration, and acquisition pipeline match the paper."
  },
  "notes": [
    "Implements insertion formula x_i* = x_i * (1 + alpha * w_i) in top-magnitude DCT coefficients (excluding DC).",
    "Similarity follows sim(w, w_hat) = (w \u00b7 w_hat) / ||w_hat||.",
    "Experiment 6 is an analog-chain proxy, not literal print-xerox-scan hardware reproduction.",
    "Best fidelity to the original paper requires using the same host image and registration assumptions."
  ]
}